work_order_id,site_id,alarm_id,created_at,scheduled_at,completed_at,order_type,priority,order_status,provider_code,downtime_minutes,cost_clp,sla_target_hours
OT-00001,SIT-9999,ALM-000001,2026-08-01 00:00:00,2026-08-01 06:00:00,2026-07-31 23:00:00,Preventiva,PX,Creada,PRV-01,0,-25000.00,2
OT-00002,SIT-0008,ALM-000004,2026-08-01 00:20:29,2026-08-01 06:20:29,,Correctiva,P2,Asignada,PRV-02,47,527115.71,8
OT-00003,SIT-0015,ALM-000007,2026-08-01 00:40:58,2026-08-01 06:40:58,,Correctiva,P2,En terreno,PRV-03,94,1801173.98,8
OT-00004,SIT-0022,ALM-000010,2026-08-01 01:01:27,2026-08-01 07:01:27,2026-08-02 17:01:27,Emergencia,P3,Completada,PRV-04,141,242087.30,24
OT-00005,SIT-0029,ALM-000013,2026-08-01 01:21:56,2026-08-01 07:21:56,2026-08-03 04:21:56,Preventiva,P3,Completada,PRV-05,188,953222.62,24
OT-00006,SIT-0036,ALM-000016,2026-08-01 01:42:25,2026-08-01 07:42:25,,Correctiva,P4,Cancelada,PRV-01,235,541698.21,72
OT-00007,SIT-0043,ALM-000019,2026-08-01 02:02:54,2026-08-01 08:02:54,,Correctiva,P1,Creada,PRV-02,282,3540246.95,2
OT-00008,SIT-0050,ALM-000022,2026-08-01 02:23:23,2026-08-01 08:23:23,,Emergencia,P2,Asignada,PRV-03,329,154752.94,8
OT-00009,SIT-0057,ALM-000025,2026-08-01 02:43:52,2026-08-01 08:43:52,,Preventiva,P2,En terreno,PRV-04,376,3137926.37,8
OT-00010,SIT-0004,ALM-000028,2026-08-01 03:04:21,2026-08-01 09:04:21,2026-08-01 13:04:21,Correctiva,P3,Completada,PRV-05,423,1556835.41,24
OT-00011,SIT-0011,ALM-000031,2026-08-01 03:24:50,2026-08-01 09:24:50,2026-08-02 00:24:50,Correctiva,P3,Completada,PRV-01,470,426937.84,24
OT-00012,SIT-0018,ALM-000034,2026-08-01 03:45:19,2026-08-01 09:45:19,,Emergencia,P4,Cancelada,PRV-02,517,987083.18,72
OT-00013,SIT-0025,ALM-000037,2026-08-01 04:05:48,2026-08-01 10:05:48,,Preventiva,P1,Creada,PRV-03,564,333482.28,2
OT-00014,SIT-0032,,2026-08-01 04:26:17,2026-08-01 10:26:17,,Correctiva,P2,Asignada,PRV-04,611,1801776.19,8
OT-00015,SIT-0039,,2026-08-01 04:46:46,2026-08-01 10:46:46,,Correctiva,P2,En terreno,PRV-05,658,1288101.19,8
OT-00016,SIT-0046,,2026-08-01 05:07:15,2026-08-01 11:07:15,2026-08-02 09:07:15,Emergencia,P3,Completada,PRV-01,705,1162114.14,24
OT-00017,SIT-0053,,2026-08-01 05:27:44,2026-08-01 11:27:44,2026-08-02 20:27:44,Preventiva,P3,Completada,PRV-02,31,140626.45,24
OT-00018,SIT-0060,,2026-08-01 05:48:13,2026-08-01 11:48:13,,Correctiva,P4,Cancelada,PRV-03,78,820267.32,72
OT-00019,SIT-0007,,2026-08-01 06:08:42,2026-08-01 12:08:42,,Correctiva,P1,Creada,PRV-04,125,156364.55,2
OT-00020,SIT-0014,,2026-08-01 06:29:11,2026-08-01 12:29:11,,Emergencia,P2,Asignada,PRV-05,172,1847964.53,8
OT-00021,SIT-0021,ALM-000061,2026-08-01 06:49:40,2026-08-01 12:49:40,,Preventiva,P2,En terreno,PRV-01,219,477621.05,8
OT-00022,SIT-0028,ALM-000064,2026-08-01 07:10:09,2026-08-01 13:10:09,2026-08-03 05:10:09,Correctiva,P3,Completada,PRV-02,266,1205761.73,24
OT-00023,SIT-0035,ALM-000067,2026-08-01 07:30:38,2026-08-01 13:30:38,2026-08-01 16:30:38,Correctiva,P3,Completada,PRV-03,313,590204.36,24
OT-00024,SIT-0042,ALM-000070,2026-08-01 07:51:07,2026-08-01 13:51:07,,Emergencia,P4,Cancelada,PRV-04,360,2297922.58,72
OT-00025,SIT-0049,ALM-000073,2026-08-01 08:11:36,2026-08-01 14:11:36,,Preventiva,P1,Creada,PRV-05,407,1239192.66,2
OT-00026,SIT-0056,ALM-000076,2026-08-01 08:32:05,2026-08-01 14:32:05,,Correctiva,P2,Asignada,PRV-01,454,276030.11,8
OT-00027,SIT-0003,ALM-000079,2026-08-01 08:52:34,2026-08-01 14:52:34,,Correctiva,P2,En terreno,PRV-02,501,192631.95,8
OT-00028,SIT-0010,ALM-000082,2026-08-01 09:13:03,2026-08-01 15:13:03,2026-08-02 01:13:03,Emergencia,P3,Completada,PRV-03,548,226528.02,24
OT-00029,SIT-0017,ALM-000085,2026-08-01 09:33:32,2026-08-01 15:33:32,2026-08-02 12:33:32,Preventiva,P3,Completada,PRV-04,595,1100032.61,24
OT-00030,SIT-0024,ALM-000088,2026-08-01 09:54:01,2026-08-01 15:54:01,,Correctiva,P4,Cancelada,PRV-05,642,1696544.72,72
OT-00031,SIT-0031,ALM-000091,2026-08-01 10:14:30,2026-08-01 16:14:30,,Correctiva,P1,Creada,PRV-01,689,1327021.25,2
OT-00032,SIT-0038,ALM-000094,2026-08-01 10:34:59,2026-08-01 16:34:59,,Emergencia,P2,Asignada,PRV-02,15,208493.24,8
OT-00033,SIT-0045,ALM-000097,2026-08-01 10:55:28,2026-08-01 16:55:28,,Preventiva,P2,En terreno,PRV-03,62,1580189.92,8
OT-00034,SIT-0052,,2026-08-01 11:15:57,2026-08-01 17:15:57,2026-08-02 21:15:57,Correctiva,P3,Completada,PRV-04,109,654111.55,24
OT-00035,SIT-0059,,2026-08-01 11:36:26,2026-08-01 17:36:26,2026-08-03 08:36:26,Correctiva,P3,Completada,PRV-05,156,1472127.63,24
OT-00036,SIT-0006,,2026-08-01 11:56:55,2026-08-01 17:56:55,,Emergencia,P4,Cancelada,PRV-01,203,2035444.02,72
OT-00037,SIT-0013,,2026-08-01 12:17:24,2026-08-01 18:17:24,,Preventiva,P1,Creada,PRV-02,250,189583.55,2
OT-00038,SIT-0020,,2026-08-01 12:37:53,2026-08-01 18:37:53,,Correctiva,P2,Asignada,PRV-03,297,436535.70,8
OT-00039,SIT-0027,,2026-08-01 12:58:22,2026-08-01 18:58:22,,Correctiva,P2,En terreno,PRV-04,344,187647.98,8
OT-00040,SIT-0034,,2026-08-01 13:18:51,2026-08-01 19:18:51,2026-08-03 17:18:51,Emergencia,P3,Completada,PRV-05,391,1232258.63,24
OT-00041,SIT-0041,ALM-000121,2026-08-01 13:39:20,2026-08-01 19:39:20,2026-08-02 04:39:20,Preventiva,P3,Completada,PRV-01,438,242632.93,24
OT-00042,SIT-0048,ALM-000124,2026-08-01 13:59:49,2026-08-01 19:59:49,,Correctiva,P4,Cancelada,PRV-02,485,508865.40,72
OT-00043,SIT-0055,ALM-000127,2026-08-01 14:20:18,2026-08-01 20:20:18,,Correctiva,P1,Creada,PRV-03,532,1425538.38,2
OT-00044,SIT-0002,ALM-000130,2026-08-01 14:40:47,2026-08-01 20:40:47,,Emergencia,P2,Asignada,PRV-04,579,1262216.08,8
OT-00045,SIT-0009,ALM-000133,2026-08-01 15:01:16,2026-08-01 21:01:16,,Preventiva,P2,En terreno,PRV-05,626,653926.59,8
OT-00046,SIT-0016,ALM-000136,2026-08-01 15:21:45,2026-08-01 21:21:45,2026-08-02 13:21:45,Correctiva,P3,Completada,PRV-01,673,1685572.04,24
OT-00047,SIT-0023,ALM-000139,2026-08-01 15:42:14,2026-08-01 21:42:14,2026-08-03 00:42:14,Correctiva,P3,Completada,PRV-02,720,2117138.75,24
OT-00048,SIT-0030,ALM-000142,2026-08-01 16:02:43,2026-08-01 22:02:43,,Emergencia,P4,Cancelada,PRV-03,46,3496896.94,72
OT-00049,SIT-0037,ALM-000145,2026-08-01 16:23:12,2026-08-01 22:23:12,,Preventiva,P1,Creada,PRV-04,93,177837.08,2
OT-00050,SIT-0044,ALM-000148,2026-08-01 16:43:41,2026-08-01 22:43:41,,Correctiva,P2,Asignada,PRV-05,140,2299425.54,8
OT-00051,SIT-0051,ALM-000151,2026-08-01 17:04:10,2026-08-01 23:04:10,,Correctiva,P2,En terreno,PRV-01,187,158894.89,8
OT-00052,SIT-0058,ALM-000154,2026-08-01 17:24:39,2026-08-01 23:24:39,2026-08-03 09:24:39,Emergencia,P3,Completada,PRV-02,234,2064169.11,24
OT-00053,SIT-0005,ALM-000157,2026-08-01 17:45:08,2026-08-01 23:45:08,2026-08-03 20:45:08,Preventiva,P3,Completada,PRV-03,281,729918.19,24
OT-00054,SIT-0012,,2026-08-01 18:05:37,2026-08-02 00:05:37,,Correctiva,P4,Cancelada,PRV-04,328,483330.63,72
OT-00055,SIT-0019,,2026-08-01 18:26:06,2026-08-02 00:26:06,,Correctiva,P1,Creada,PRV-05,375,249961.97,2
OT-00056,SIT-0026,,2026-08-01 18:46:35,2026-08-02 00:46:35,,Emergencia,P2,Asignada,PRV-01,422,2725307.51,8
OT-00057,SIT-0033,,2026-08-01 19:07:04,2026-08-02 01:07:04,,Preventiva,P2,En terreno,PRV-02,469,1148299.26,8
OT-00058,SIT-0040,,2026-08-01 19:27:33,2026-08-02 01:27:33,2026-08-02 05:27:33,Correctiva,P3,Completada,PRV-03,516,438854.43,24
OT-00059,SIT-0047,,2026-08-01 19:48:02,2026-08-02 01:48:02,2026-08-02 16:48:02,Correctiva,P3,Completada,PRV-04,563,150534.12,24
OT-00060,SIT-0054,,2026-08-01 20:08:31,2026-08-02 02:08:31,,Emergencia,P4,Cancelada,PRV-05,610,618607.88,72
OT-00061,SIT-0001,ALM-000181,2026-08-01 20:29:00,2026-08-02 02:29:00,,Preventiva,P1,Creada,PRV-01,657,555414.04,2
OT-00062,SIT-0008,ALM-000184,2026-08-01 20:49:29,2026-08-02 02:49:29,,Correctiva,P2,Asignada,PRV-02,704,834235.90,8
OT-00063,SIT-0015,ALM-000187,2026-08-01 21:09:58,2026-08-02 03:09:58,,Correctiva,P2,En terreno,PRV-03,30,2245314.73,8
OT-00064,SIT-0022,ALM-000190,2026-08-01 21:30:27,2026-08-02 03:30:27,2026-08-03 01:30:27,Emergencia,P3,Completada,PRV-04,77,163813.53,24
OT-00065,SIT-0029,ALM-000193,2026-08-01 21:50:56,2026-08-02 03:50:56,2026-08-03 12:50:56,Preventiva,P3,Completada,PRV-05,124,1412153.02,24
OT-00066,SIT-0036,ALM-000196,2026-08-01 22:11:25,2026-08-02 04:11:25,,Correctiva,P4,Cancelada,PRV-01,171,193535.29,72
OT-00067,SIT-0043,ALM-000199,2026-08-01 22:31:54,2026-08-02 04:31:54,,Correctiva,P1,Creada,PRV-02,218,152661.05,2
OT-00068,SIT-0050,ALM-000202,2026-08-01 22:52:23,2026-08-02 04:52:23,,Emergencia,P2,Asignada,PRV-03,265,194482.22,8
OT-00069,SIT-0057,ALM-000205,2026-08-01 23:12:52,2026-08-02 05:12:52,,Preventiva,P2,En terreno,PRV-04,312,454391.43,8
OT-00070,SIT-0004,ALM-000208,2026-08-01 23:33:21,2026-08-02 05:33:21,2026-08-03 21:33:21,Correctiva,P3,Completada,PRV-05,359,2249969.71,24
OT-00071,SIT-0011,ALM-000211,2026-08-01 23:53:50,2026-08-02 05:53:50,2026-08-02 08:53:50,Correctiva,P3,Completada,PRV-01,406,1526869.05,24
OT-00072,SIT-0018,ALM-000214,2026-08-02 00:14:19,2026-08-02 06:14:19,,Emergencia,P4,Cancelada,PRV-02,453,417282.47,72
OT-00073,SIT-0025,ALM-000217,2026-08-02 00:34:48,2026-08-02 06:34:48,,Preventiva,P1,Creada,PRV-03,500,154063.16,2
OT-00074,SIT-0032,,2026-08-02 00:55:17,2026-08-02 06:55:17,,Correctiva,P2,Asignada,PRV-04,547,283214.02,8
OT-00075,SIT-0039,,2026-08-02 01:15:46,2026-08-02 07:15:46,,Correctiva,P2,En terreno,PRV-05,594,761274.02,8
OT-00076,SIT-0046,,2026-08-02 01:36:15,2026-08-02 07:36:15,2026-08-02 17:36:15,Emergencia,P3,Completada,PRV-01,641,1069789.27,24
OT-00077,SIT-0053,,2026-08-02 01:56:44,2026-08-02 07:56:44,2026-08-03 04:56:44,Preventiva,P3,Completada,PRV-02,688,539972.55,24
OT-00078,SIT-0060,,2026-08-02 02:17:13,2026-08-02 08:17:13,,Correctiva,P4,Cancelada,PRV-03,14,2477095.75,72
OT-00079,SIT-0007,,2026-08-02 02:37:42,2026-08-02 08:37:42,,Correctiva,P1,Creada,PRV-04,61,696588.17,2
OT-00080,SIT-0014,,2026-08-02 02:58:11,2026-08-02 08:58:11,,Emergencia,P2,Asignada,PRV-05,108,149144.12,8
OT-00081,SIT-0021,ALM-000241,2026-08-02 03:18:40,2026-08-02 09:18:40,,Preventiva,P2,En terreno,PRV-01,155,213924.04,8
OT-00082,SIT-0028,ALM-000244,2026-08-02 03:39:09,2026-08-02 09:39:09,2026-08-03 13:39:09,Correctiva,P3,Completada,PRV-02,202,1001742.96,24
OT-00083,SIT-0035,ALM-000247,2026-08-02 03:59:38,2026-08-02 09:59:38,2026-08-04 00:59:38,Correctiva,P3,Completada,PRV-03,249,261461.12,24
OT-00084,SIT-0042,ALM-000250,2026-08-02 04:20:07,2026-08-02 10:20:07,,Emergencia,P4,Cancelada,PRV-04,296,1522842.88,72
OT-00085,SIT-0049,ALM-000253,2026-08-02 04:40:36,2026-08-02 10:40:36,,Preventiva,P1,Creada,PRV-05,343,264271.23,2
OT-00086,SIT-0056,ALM-000256,2026-08-02 05:01:05,2026-08-02 11:01:05,,Correctiva,P2,Asignada,PRV-01,390,496700.38,8
OT-00087,SIT-0003,ALM-000259,2026-08-02 05:21:34,2026-08-02 11:21:34,,Correctiva,P2,En terreno,PRV-02,437,380746.18,8
OT-00088,SIT-0010,ALM-000262,2026-08-02 05:42:03,2026-08-02 11:42:03,2026-08-04 09:42:03,Emergencia,P3,Completada,PRV-03,484,261607.96,24
OT-00089,SIT-0017,ALM-000265,2026-08-02 06:02:32,2026-08-02 12:02:32,2026-08-02 21:02:32,Preventiva,P3,Completada,PRV-04,531,150953.63,24
OT-00090,SIT-0024,ALM-000268,2026-08-02 06:23:01,2026-08-02 12:23:01,,Correctiva,P4,Cancelada,PRV-05,578,283890.12,72
OT-00091,SIT-0031,ALM-000271,2026-08-02 06:43:30,2026-08-02 12:43:30,,Correctiva,P1,Creada,PRV-01,625,145359.51,2
OT-00092,SIT-0038,ALM-000274,2026-08-02 07:03:59,2026-08-02 13:03:59,,Emergencia,P2,Asignada,PRV-02,672,992323.88,8
OT-00093,SIT-0045,ALM-000277,2026-08-02 07:24:28,2026-08-02 13:24:28,,Preventiva,P2,En terreno,PRV-03,719,801338.15,8
OT-00094,SIT-0052,,2026-08-02 07:44:57,2026-08-02 13:44:57,2026-08-03 05:44:57,Correctiva,P3,Completada,PRV-04,45,1070785.27,24
OT-00095,SIT-0059,,2026-08-02 08:05:26,2026-08-02 14:05:26,2026-08-03 17:05:26,Correctiva,P3,Completada,PRV-05,92,207752.98,24
OT-00096,SIT-0006,,2026-08-02 08:25:55,2026-08-02 14:25:55,,Emergencia,P4,Cancelada,PRV-01,139,279148.79,72
OT-00097,SIT-0013,,2026-08-02 08:46:24,2026-08-02 14:46:24,,Preventiva,P1,Creada,PRV-02,186,228776.29,2
OT-00098,SIT-0020,,2026-08-02 09:06:53,2026-08-02 15:06:53,,Correctiva,P2,Asignada,PRV-03,233,323402.09,8
OT-00099,SIT-0027,,2026-08-02 09:27:22,2026-08-02 15:27:22,,Correctiva,P2,En terreno,PRV-04,280,394311.44,8
OT-00100,SIT-0034,,2026-08-02 09:47:51,2026-08-02 15:47:51,2026-08-04 01:47:51,Emergencia,P3,Completada,PRV-05,327,306633.78,24
OT-00101,SIT-0041,ALM-000301,2026-08-02 10:08:20,2026-08-02 16:08:20,2026-08-04 13:08:20,Preventiva,P3,Completada,PRV-01,374,2461758.82,24
OT-00102,SIT-0048,ALM-000304,2026-08-02 10:28:49,2026-08-02 16:28:49,,Correctiva,P4,Cancelada,PRV-02,421,213512.04,72
OT-00103,SIT-0055,ALM-000307,2026-08-02 10:49:18,2026-08-02 16:49:18,,Correctiva,P1,Creada,PRV-03,468,636108.17,2
OT-00104,SIT-0002,ALM-000310,2026-08-02 11:09:47,2026-08-02 17:09:47,,Emergencia,P2,Asignada,PRV-04,515,159741.76,8
OT-00105,SIT-0009,ALM-000313,2026-08-02 11:30:16,2026-08-02 17:30:16,,Preventiva,P2,En terreno,PRV-05,562,816254.54,8
OT-00106,SIT-0016,ALM-000316,2026-08-02 11:50:45,2026-08-02 17:50:45,2026-08-02 21:50:45,Correctiva,P3,Completada,PRV-01,609,139535.36,24
OT-00107,SIT-0023,ALM-000319,2026-08-02 12:11:14,2026-08-02 18:11:14,2026-08-03 09:11:14,Correctiva,P3,Completada,PRV-02,656,159170.74,24
OT-00108,SIT-0030,ALM-000322,2026-08-02 12:31:43,2026-08-02 18:31:43,,Emergencia,P4,Cancelada,PRV-03,703,839753.81,72
OT-00109,SIT-0037,ALM-000325,2026-08-02 12:52:12,2026-08-02 18:52:12,,Preventiva,P1,Creada,PRV-04,29,429256.67,2
OT-00110,SIT-0044,ALM-000328,2026-08-02 13:12:41,2026-08-02 19:12:41,,Correctiva,P2,Asignada,PRV-05,76,141057.36,8
OT-00111,SIT-0051,ALM-000331,2026-08-02 13:33:10,2026-08-02 19:33:10,,Correctiva,P2,En terreno,PRV-01,123,241885.62,8
OT-00112,SIT-0058,ALM-000334,2026-08-02 13:53:39,2026-08-02 19:53:39,2026-08-03 17:53:39,Emergencia,P3,Completada,PRV-02,170,252419.27,24
OT-00113,SIT-0005,ALM-000337,2026-08-02 14:14:08,2026-08-02 20:14:08,2026-08-04 05:14:08,Preventiva,P3,Completada,PRV-03,217,1882316.52,24
OT-00114,SIT-0012,,2026-08-02 14:34:37,2026-08-02 20:34:37,,Correctiva,P4,Cancelada,PRV-04,264,995778.33,72
OT-00115,SIT-0019,,2026-08-02 14:55:06,2026-08-02 20:55:06,,Correctiva,P1,Creada,PRV-05,311,474853.56,2
OT-00116,SIT-0026,,2026-08-02 15:15:35,2026-08-02 21:15:35,,Emergencia,P2,Asignada,PRV-01,358,376323.37,8
OT-00117,SIT-0033,,2026-08-02 15:36:04,2026-08-02 21:36:04,,Preventiva,P2,En terreno,PRV-02,405,2636461.84,8
OT-00118,SIT-0040,,2026-08-02 15:56:33,2026-08-02 21:56:33,2026-08-04 13:56:33,Correctiva,P3,Completada,PRV-03,452,2882673.62,24
OT-00119,SIT-0047,,2026-08-02 16:17:02,2026-08-02 22:17:02,2026-08-03 01:17:02,Correctiva,P3,Completada,PRV-04,499,1744490.73,24
OT-00120,SIT-0054,,2026-08-02 16:37:31,2026-08-02 22:37:31,,Emergencia,P4,Cancelada,PRV-05,546,531341.50,72
OT-00121,SIT-0001,ALM-000361,2026-08-02 16:58:00,2026-08-02 22:58:00,,Preventiva,P1,Creada,PRV-01,593,522707.96,2
OT-00122,SIT-0008,ALM-000364,2026-08-02 17:18:29,2026-08-02 23:18:29,,Correctiva,P2,Asignada,PRV-02,640,320603.24,8
OT-00123,SIT-0015,ALM-000367,2026-08-02 17:38:58,2026-08-02 23:38:58,,Correctiva,P2,En terreno,PRV-03,687,144630.92,8
OT-00124,SIT-0022,ALM-000370,2026-08-02 17:59:27,2026-08-02 23:59:27,2026-08-03 09:59:27,Emergencia,P3,Completada,PRV-04,13,1292010.07,24
OT-00125,SIT-0029,ALM-000373,2026-08-02 18:19:56,2026-08-03 00:19:56,2026-08-03 21:19:56,Preventiva,P3,Completada,PRV-05,60,236246.04,24
OT-00126,SIT-0036,ALM-000376,2026-08-02 18:40:25,2026-08-03 00:40:25,,Correctiva,P4,Cancelada,PRV-01,107,1560492.67,72
OT-00127,SIT-0043,ALM-000379,2026-08-02 19:00:54,2026-08-03 01:00:54,,Correctiva,P1,Creada,PRV-02,154,781786.51,2
OT-00128,SIT-0050,ALM-000382,2026-08-02 19:21:23,2026-08-03 01:21:23,,Emergencia,P2,Asignada,PRV-03,201,393671.71,8
OT-00129,SIT-0057,ALM-000385,2026-08-02 19:41:52,2026-08-03 01:41:52,,Preventiva,P2,En terreno,PRV-04,248,146075.39,8
OT-00130,SIT-0004,ALM-000388,2026-08-02 20:02:21,2026-08-03 02:02:21,2026-08-04 06:02:21,Correctiva,P3,Completada,PRV-05,295,2462513.17,24
OT-00131,SIT-0011,ALM-000391,2026-08-02 20:22:50,2026-08-03 02:22:50,2026-08-04 17:22:50,Correctiva,P3,Completada,PRV-01,342,171926.28,24
OT-00132,SIT-0018,ALM-000394,2026-08-02 20:43:19,2026-08-03 02:43:19,,Emergencia,P4,Cancelada,PRV-02,389,1917117.04,72
OT-00133,SIT-0025,ALM-000397,2026-08-02 21:03:48,2026-08-03 03:03:48,,Preventiva,P1,Creada,PRV-03,436,680899.37,2
OT-00134,SIT-0032,,2026-08-02 21:24:17,2026-08-03 03:24:17,,Correctiva,P2,Asignada,PRV-04,483,395807.17,8
OT-00135,SIT-0039,,2026-08-02 21:44:46,2026-08-03 03:44:46,,Correctiva,P2,En terreno,PRV-05,530,410828.71,8
OT-00136,SIT-0046,,2026-08-02 22:05:15,2026-08-03 04:05:15,2026-08-05 02:05:15,Emergencia,P3,Completada,PRV-01,577,201734.64,24
OT-00137,SIT-0053,,2026-08-02 22:25:44,2026-08-03 04:25:44,2026-08-03 13:25:44,Preventiva,P3,Completada,PRV-02,624,415430.68,24
OT-00138,SIT-0060,,2026-08-02 22:46:13,2026-08-03 04:46:13,,Correctiva,P4,Cancelada,PRV-03,671,684631.43,72
OT-00139,SIT-0007,,2026-08-02 23:06:42,2026-08-03 05:06:42,,Correctiva,P1,Creada,PRV-04,718,156287.35,2
OT-00140,SIT-0014,,2026-08-02 23:27:11,2026-08-03 05:27:11,,Emergencia,P2,Asignada,PRV-05,44,286591.70,8
OT-00141,SIT-0021,ALM-000421,2026-08-02 23:47:40,2026-08-03 05:47:40,,Preventiva,P2,En terreno,PRV-01,91,1087396.51,8
OT-00142,SIT-0028,ALM-000424,2026-08-03 00:08:09,2026-08-03 06:08:09,2026-08-03 22:08:09,Correctiva,P3,Completada,PRV-02,138,150311.60,24
OT-00143,SIT-0035,ALM-000427,2026-08-03 00:28:38,2026-08-03 06:28:38,2026-08-04 09:28:38,Correctiva,P3,Completada,PRV-03,185,818838.46,24
OT-00144,SIT-0042,ALM-000430,2026-08-03 00:49:07,2026-08-03 06:49:07,,Emergencia,P4,Cancelada,PRV-04,232,1468222.19,72
OT-00145,SIT-0049,ALM-000433,2026-08-03 01:09:36,2026-08-03 07:09:36,,Preventiva,P1,Creada,PRV-05,279,261456.67,2
OT-00146,SIT-0056,ALM-000436,2026-08-03 01:30:05,2026-08-03 07:30:05,,Correctiva,P2,Asignada,PRV-01,326,830250.29,8
OT-00147,SIT-0003,ALM-000439,2026-08-03 01:50:34,2026-08-03 07:50:34,,Correctiva,P2,En terreno,PRV-02,373,819843.68,8
OT-00148,SIT-0010,ALM-000442,2026-08-03 02:11:03,2026-08-03 08:11:03,2026-08-04 18:11:03,Emergencia,P3,Completada,PRV-03,420,195584.82,24
OT-00149,SIT-0017,ALM-000445,2026-08-03 02:31:32,2026-08-03 08:31:32,2026-08-05 05:31:32,Preventiva,P3,Completada,PRV-04,467,494945.07,24
OT-00150,SIT-0024,ALM-000448,2026-08-03 02:52:01,2026-08-03 08:52:01,,Correctiva,P4,Cancelada,PRV-05,514,994242.63,72
OT-00151,SIT-0031,ALM-000451,2026-08-03 03:12:30,2026-08-03 09:12:30,,Correctiva,P1,Creada,PRV-01,561,1266166.55,2
OT-00152,SIT-0038,ALM-000454,2026-08-03 03:32:59,2026-08-03 09:32:59,,Emergencia,P2,Asignada,PRV-02,608,186132.69,8
OT-00153,SIT-0045,ALM-000457,2026-08-03 03:53:28,2026-08-03 09:53:28,,Preventiva,P2,En terreno,PRV-03,655,2106939.80,8
OT-00154,SIT-0052,,2026-08-03 04:13:57,2026-08-03 10:13:57,2026-08-03 14:13:57,Correctiva,P3,Completada,PRV-04,702,191665.92,24
OT-00155,SIT-0059,,2026-08-03 04:34:26,2026-08-03 10:34:26,2026-08-04 01:34:26,Correctiva,P3,Completada,PRV-05,28,358324.54,24
OT-00156,SIT-0006,,2026-08-03 04:54:55,2026-08-03 10:54:55,,Emergencia,P4,Cancelada,PRV-01,75,368430.11,72
OT-00157,SIT-0013,,2026-08-03 05:15:24,2026-08-03 11:15:24,,Preventiva,P1,Creada,PRV-02,122,436857.98,2
OT-00158,SIT-0020,,2026-08-03 05:35:53,2026-08-03 11:35:53,,Correctiva,P2,Asignada,PRV-03,169,278854.22,8
OT-00159,SIT-0027,,2026-08-03 05:56:22,2026-08-03 11:56:22,,Correctiva,P2,En terreno,PRV-04,216,173731.17,8
OT-00160,SIT-0034,,2026-08-03 06:16:51,2026-08-03 12:16:51,2026-08-04 10:16:51,Emergencia,P3,Completada,PRV-05,263,1011640.99,24
OT-00161,SIT-0041,ALM-000481,2026-08-03 06:37:20,2026-08-03 12:37:20,2026-08-04 21:37:20,Preventiva,P3,Completada,PRV-01,310,3006267.31,24
OT-00162,SIT-0048,ALM-000484,2026-08-03 06:57:49,2026-08-03 12:57:49,,Correctiva,P4,Cancelada,PRV-02,357,179568.41,72
OT-00163,SIT-0055,ALM-000487,2026-08-03 07:18:18,2026-08-03 13:18:18,,Correctiva,P1,Creada,PRV-03,404,270941.97,2
OT-00164,SIT-0002,ALM-000490,2026-08-03 07:38:47,2026-08-03 13:38:47,,Emergencia,P2,Asignada,PRV-04,451,614059.87,8
OT-00165,SIT-0009,ALM-000493,2026-08-03 07:59:16,2026-08-03 13:59:16,,Preventiva,P2,En terreno,PRV-05,498,2069348.55,8
OT-00166,SIT-0016,ALM-000496,2026-08-03 08:19:45,2026-08-03 14:19:45,2026-08-05 06:19:45,Correctiva,P3,Completada,PRV-01,545,370654.07,24
OT-00167,SIT-0023,ALM-000499,2026-08-03 08:40:14,2026-08-03 14:40:14,2026-08-03 17:40:14,Correctiva,P3,Completada,PRV-02,592,514310.28,24
OT-00168,SIT-0030,ALM-000502,2026-08-03 09:00:43,2026-08-03 15:00:43,,Emergencia,P4,Cancelada,PRV-03,639,172785.62,72
OT-00169,SIT-0037,ALM-000505,2026-08-03 09:21:12,2026-08-03 15:21:12,,Preventiva,P1,Creada,PRV-04,686,2798633.26,2
OT-00170,SIT-0044,ALM-000508,2026-08-03 09:41:41,2026-08-03 15:41:41,,Correctiva,P2,Asignada,PRV-05,12,852619.41,8
OT-00171,SIT-0051,ALM-000511,2026-08-03 10:02:10,2026-08-03 16:02:10,,Correctiva,P2,En terreno,PRV-01,59,488068.27,8
OT-00172,SIT-0058,ALM-000514,2026-08-03 10:22:39,2026-08-03 16:22:39,2026-08-04 02:22:39,Emergencia,P3,Completada,PRV-02,106,1761628.82,24
OT-00173,SIT-0005,ALM-000517,2026-08-03 10:43:08,2026-08-03 16:43:08,2026-08-04 13:43:08,Preventiva,P3,Completada,PRV-03,153,210636.12,24
OT-00174,SIT-0012,,2026-08-03 11:03:37,2026-08-03 17:03:37,,Correctiva,P4,Cancelada,PRV-04,200,269901.26,72
OT-00175,SIT-0019,,2026-08-03 11:24:06,2026-08-03 17:24:06,,Correctiva,P1,Creada,PRV-05,247,218463.33,2
OT-00176,SIT-0026,,2026-08-03 11:44:35,2026-08-03 17:44:35,,Emergencia,P2,Asignada,PRV-01,294,150199.30,8
OT-00177,SIT-0033,,2026-08-03 12:05:04,2026-08-03 18:05:04,,Preventiva,P2,En terreno,PRV-02,341,223198.01,8
OT-00178,SIT-0040,,2026-08-03 12:25:33,2026-08-03 18:25:33,2026-08-04 22:25:33,Correctiva,P3,Completada,PRV-03,388,311062.36,24
OT-00179,SIT-0047,,2026-08-03 12:46:02,2026-08-03 18:46:02,2026-08-05 09:46:02,Correctiva,P3,Completada,PRV-04,435,160014.50,24
OT-00180,SIT-0054,,2026-08-03 13:06:31,2026-08-03 19:06:31,,Emergencia,P4,Cancelada,PRV-05,482,799855.94,72
OT-00181,SIT-0001,ALM-000541,2026-08-03 13:27:00,2026-08-03 19:27:00,,Preventiva,P1,Creada,PRV-01,529,320041.86,2
OT-00182,SIT-0008,ALM-000544,2026-08-03 13:47:29,2026-08-03 19:47:29,,Correctiva,PX,Asignada,PRV-02,576,623843.44,8
OT-00183,SIT-0015,ALM-000547,2026-08-03 14:07:58,2026-08-03 20:07:58,,Correctiva,P2,En terreno,PRV-03,623,451922.44,8
OT-00184,SIT-0022,ALM-000550,2026-08-03 14:28:27,2026-08-03 20:28:27,2026-08-05 18:28:27,Emergencia,P3,Completada,PRV-04,670,3179269.72,24
OT-00185,SIT-0029,ALM-000553,2026-08-03 14:48:56,2026-08-03 20:48:56,2026-08-04 05:48:56,Preventiva,P3,Completada,PRV-05,717,841526.47,24
OT-00186,SIT-0036,ALM-000556,2026-08-03 15:09:25,2026-08-03 21:09:25,,Correctiva,P4,Cancelada,PRV-01,43,139702.14,72
OT-00187,SIT-0043,ALM-000559,2026-08-03 15:29:54,2026-08-03 21:29:54,,Correctiva,P1,Creada,PRV-02,90,408070.11,2
OT-00188,SIT-0050,ALM-000562,2026-08-03 15:50:23,2026-08-03 21:50:23,,Emergencia,P2,Asignada,PRV-03,137,870651.11,8
OT-00189,SIT-0057,ALM-000565,2026-08-03 16:10:52,2026-08-03 22:10:52,,Preventiva,P2,En terreno,PRV-04,184,238547.44,8
OT-00190,SIT-0004,ALM-000568,2026-08-03 16:31:21,2026-08-03 22:31:21,2026-08-04 14:31:21,Correctiva,P3,Completada,PRV-05,231,2493963.34,24
OT-00191,SIT-0011,ALM-000571,2026-08-03 16:51:50,2026-08-03 22:51:50,2026-08-05 01:51:50,Correctiva,P3,Completada,PRV-01,278,643779.88,24
OT-00192,SIT-0018,ALM-000574,2026-08-03 17:12:19,2026-08-03 23:12:19,,Emergencia,P4,Cancelada,PRV-02,325,-25000.00,72
OT-00193,SIT-0025,ALM-000577,2026-08-03 17:32:48,2026-08-03 23:32:48,,Preventiva,P1,Creada,PRV-03,372,1438953.11,2
OT-00194,SIT-0032,,2026-08-03 17:53:17,2026-08-03 23:53:17,2026-08-03 16:53:17,Correctiva,P2,Asignada,PRV-04,419,457538.48,8
OT-00195,SIT-0039,,2026-08-03 18:13:46,2026-08-04 00:13:46,,Correctiva,P2,En terreno,PRV-05,466,150841.99,8
OT-00196,SIT-0046,,2026-08-03 18:34:15,2026-08-04 00:34:15,2026-08-05 10:34:15,Emergencia,P3,Completada,PRV-01,513,339951.13,24
OT-00197,SIT-0053,,2026-08-03 18:54:44,2026-08-04 00:54:44,2026-08-05 21:54:44,Preventiva,P3,Completada,PRV-02,560,201229.79,24
OT-00198,SIT-9999,,2026-08-03 19:15:13,2026-08-04 01:15:13,,Correctiva,P4,Cancelada,PRV-03,607,280399.21,72
OT-00199,SIT-0007,,2026-08-03 19:35:42,2026-08-04 01:35:42,,Correctiva,P1,Creada,PRV-04,654,756160.08,2
OT-00200,SIT-0014,,2026-08-03 19:56:11,2026-08-04 01:56:11,,Emergencia,P2,Asignada,PRV-05,701,473519.58,8
OT-00201,SIT-0021,ALM-000601,2026-08-03 20:16:40,2026-08-04 02:16:40,,Preventiva,P2,En terreno,PRV-01,27,1593102.23,8
OT-00202,SIT-0028,ALM-000604,2026-08-03 20:37:09,2026-08-04 02:37:09,2026-08-04 06:37:09,Correctiva,P3,Completada,PRV-02,74,904566.84,24
OT-00203,SIT-0035,ALM-000607,2026-08-03 20:57:38,2026-08-04 02:57:38,2026-08-04 17:57:38,Correctiva,P3,Completada,PRV-03,121,234574.40,24
OT-00204,SIT-0042,ALM-000610,2026-08-03 21:18:07,2026-08-04 03:18:07,,Emergencia,P4,Cancelada,PRV-04,168,209223.66,72
OT-00205,SIT-0049,ALM-000613,2026-08-03 21:38:36,2026-08-04 03:38:36,,Preventiva,P1,Creada,PRV-05,215,847247.04,2
OT-00206,SIT-0056,ALM-000616,2026-08-03 21:59:05,2026-08-04 03:59:05,,Correctiva,P2,Asignada,PRV-01,262,1936198.00,8
OT-00207,SIT-0003,ALM-000619,2026-08-03 22:19:34,2026-08-04 04:19:34,,Correctiva,P2,En terreno,PRV-02,309,1702802.78,8
OT-00208,SIT-0010,ALM-000622,2026-08-03 22:40:03,2026-08-04 04:40:03,2026-08-05 02:40:03,Emergencia,P3,Completada,PRV-03,356,1327097.37,24
OT-00209,SIT-0017,ALM-000625,2026-08-03 23:00:32,2026-08-04 05:00:32,2026-08-05 14:00:32,Preventiva,P3,Completada,PRV-04,403,305351.38,24
OT-00210,SIT-0024,ALM-000628,2026-08-03 23:21:01,2026-08-04 05:21:01,,Correctiva,P4,Cancelada,PRV-05,450,156347.10,72
OT-00211,SIT-0031,ALM-000631,2026-08-03 23:41:30,2026-08-04 05:41:30,,Correctiva,P1,Creada,PRV-01,497,889044.50,2
OT-00212,SIT-0038,ALM-000634,2026-08-04 00:01:59,2026-08-04 06:01:59,,Emergencia,P2,Asignada,PRV-02,544,953381.75,8
OT-00213,SIT-0045,ALM-000637,2026-08-04 00:22:28,2026-08-04 06:22:28,,Preventiva,P2,En terreno,PRV-03,591,835144.71,8
OT-00214,SIT-0052,,2026-08-04 00:42:57,2026-08-04 06:42:57,2026-08-05 22:42:57,Correctiva,P3,Completada,PRV-04,638,755645.29,24
OT-00215,SIT-0059,,2026-08-04 01:03:26,2026-08-04 07:03:26,2026-08-04 10:03:26,Correctiva,P3,Completada,PRV-05,685,3127464.13,24
OT-00216,SIT-0006,,2026-08-04 01:23:55,2026-08-04 07:23:55,,Emergencia,P4,Cancelada,PRV-01,11,174197.72,72
OT-00217,SIT-0013,,2026-08-04 01:44:24,2026-08-04 07:44:24,,Preventiva,P1,Creada,PRV-02,58,1108716.77,2
OT-00218,SIT-0020,,2026-08-04 02:04:53,2026-08-04 08:04:53,,Correctiva,P2,Asignada,PRV-03,105,150402.53,8
OT-00219,SIT-0027,,2026-08-04 02:25:22,2026-08-04 08:25:22,,Correctiva,P2,En terreno,PRV-04,152,1828924.56,8
OT-00220,SIT-0034,,2026-08-04 02:45:51,2026-08-04 08:45:51,2026-08-04 18:45:51,Emergencia,P3,Completada,PRV-05,199,153255.48,24
OT-00221,SIT-0041,ALM-000661,2026-08-04 03:06:20,2026-08-04 09:06:20,2026-08-05 06:06:20,Preventiva,P3,Completada,PRV-01,246,1169326.47,24
OT-00222,SIT-0048,ALM-000664,2026-08-04 03:26:49,2026-08-04 09:26:49,,Correctiva,P4,Cancelada,PRV-02,293,3263640.67,72
OT-00223,SIT-0055,ALM-000667,2026-08-04 03:47:18,2026-08-04 09:47:18,,Correctiva,P1,Creada,PRV-03,340,867527.60,2
OT-00224,SIT-0002,ALM-000670,2026-08-04 04:07:47,2026-08-04 10:07:47,,Emergencia,P2,Asignada,PRV-04,387,481128.61,8
OT-00225,SIT-0009,ALM-000673,2026-08-04 04:28:16,2026-08-04 10:28:16,,Preventiva,P2,En terreno,PRV-05,434,168894.45,8
OT-00226,SIT-0016,ALM-000676,2026-08-04 04:48:45,2026-08-04 10:48:45,2026-08-05 14:48:45,Correctiva,P3,Completada,PRV-01,481,1492764.77,24
OT-00227,SIT-0023,ALM-000679,2026-08-04 05:09:14,2026-08-04 11:09:14,2026-08-06 02:09:14,Correctiva,P3,Completada,PRV-02,528,138112.36,24
OT-00228,SIT-0030,ALM-000682,2026-08-04 05:29:43,2026-08-04 11:29:43,,Emergencia,P4,Cancelada,PRV-03,575,599032.39,72
OT-00229,SIT-0037,ALM-000685,2026-08-04 05:50:12,2026-08-04 11:50:12,,Preventiva,P1,Creada,PRV-04,622,1385148.02,2
OT-00230,SIT-0044,ALM-000688,2026-08-04 06:10:41,2026-08-04 12:10:41,,Correctiva,P2,Asignada,PRV-05,669,499415.60,8
OT-00231,SIT-0051,ALM-000691,2026-08-04 06:31:10,2026-08-04 12:31:10,,Correctiva,P2,En terreno,PRV-01,716,909054.85,8
OT-00232,SIT-0058,ALM-000694,2026-08-04 06:51:39,2026-08-04 12:51:39,2026-08-06 10:51:39,Emergencia,P3,Completada,PRV-02,42,139416.55,24
OT-00233,SIT-0005,ALM-000697,2026-08-04 07:12:08,2026-08-04 13:12:08,2026-08-04 22:12:08,Preventiva,P3,Completada,PRV-03,89,1794532.80,24
OT-00234,SIT-0012,,2026-08-04 07:32:37,2026-08-04 13:32:37,,Correctiva,P4,Cancelada,PRV-04,136,163457.22,72
OT-00235,SIT-0019,,2026-08-04 07:53:06,2026-08-04 13:53:06,,Correctiva,P1,Creada,PRV-05,183,156870.22,2
OT-00236,SIT-0026,,2026-08-04 08:13:35,2026-08-04 14:13:35,,Emergencia,P2,Asignada,PRV-01,230,2273344.43,8
OT-00237,SIT-0033,,2026-08-04 08:34:04,2026-08-04 14:34:04,,Preventiva,P2,En terreno,PRV-02,277,199646.00,8
OT-00238,SIT-0040,,2026-08-04 08:54:33,2026-08-04 14:54:33,2026-08-05 06:54:33,Correctiva,P3,Completada,PRV-03,324,2312700.72,24
OT-00239,SIT-0047,,2026-08-04 09:15:02,2026-08-04 15:15:02,2026-08-05 18:15:02,Correctiva,P3,Completada,PRV-04,371,241029.11,24
OT-00240,SIT-0054,,2026-08-04 09:35:31,2026-08-04 15:35:31,,Emergencia,P4,Cancelada,PRV-05,418,1388597.44,72
OT-00241,SIT-0001,ALM-000721,2026-08-04 09:56:00,2026-08-04 15:56:00,,Preventiva,P1,Creada,PRV-01,465,259769.61,2
OT-00242,SIT-0008,ALM-000724,2026-08-04 10:16:29,2026-08-04 16:16:29,,Correctiva,P2,Asignada,PRV-02,512,609908.42,8
OT-00243,SIT-0015,ALM-000727,2026-08-04 10:36:58,2026-08-04 16:36:58,,Correctiva,P2,En terreno,PRV-03,559,231935.02,8
OT-00244,SIT-0022,ALM-000730,2026-08-04 10:57:27,2026-08-04 16:57:27,2026-08-06 02:57:27,Emergencia,P3,Completada,PRV-04,606,250556.30,24
OT-00245,SIT-0029,ALM-000733,2026-08-04 11:17:56,2026-08-04 17:17:56,2026-08-06 14:17:56,Preventiva,P3,Completada,PRV-05,653,489080.32,24
OT-00246,SIT-0036,ALM-000736,2026-08-04 11:38:25,2026-08-04 17:38:25,,Correctiva,P4,Cancelada,PRV-01,700,1627409.54,72
OT-00247,SIT-0043,ALM-000739,2026-08-04 11:58:54,2026-08-04 17:58:54,,Correctiva,P1,Creada,PRV-02,26,873143.62,2
OT-00248,SIT-0050,ALM-000742,2026-08-04 12:19:23,2026-08-04 18:19:23,,Emergencia,P2,Asignada,PRV-03,73,255302.68,8
OT-00249,SIT-0057,ALM-000745,2026-08-04 12:39:52,2026-08-04 18:39:52,,Preventiva,P2,En terreno,PRV-04,120,1645482.42,8
OT-00250,SIT-0004,ALM-000748,2026-08-04 13:00:21,2026-08-04 19:00:21,2026-08-04 23:00:21,Correctiva,P3,Completada,PRV-05,167,155753.16,24
OT-00251,SIT-0011,ALM-000751,2026-08-04 13:20:50,2026-08-04 19:20:50,2026-08-05 10:20:50,Correctiva,P3,Completada,PRV-01,214,440474.23,24
OT-00252,SIT-0018,ALM-000754,2026-08-04 13:41:19,2026-08-04 19:41:19,,Emergencia,P4,Cancelada,PRV-02,261,381906.69,72
OT-00253,SIT-0025,ALM-000757,2026-08-04 14:01:48,2026-08-04 20:01:48,,Preventiva,P1,Creada,PRV-03,308,189517.80,2
OT-00254,SIT-0032,,2026-08-04 14:22:17,2026-08-04 20:22:17,,Correctiva,P2,Asignada,PRV-04,355,208373.07,8
OT-00255,SIT-0039,,2026-08-04 14:42:46,2026-08-04 20:42:46,,Correctiva,P2,En terreno,PRV-05,402,137434.14,8
OT-00256,SIT-0046,,2026-08-04 15:03:15,2026-08-04 21:03:15,2026-08-05 19:03:15,Emergencia,P3,Completada,PRV-01,449,3425772.88,24
OT-00257,SIT-0053,,2026-08-04 15:23:44,2026-08-04 21:23:44,2026-08-06 06:23:44,Preventiva,P3,Completada,PRV-02,496,2418838.39,24
OT-00258,SIT-0060,,2026-08-04 15:44:13,2026-08-04 21:44:13,,Correctiva,P4,Cancelada,PRV-03,543,629646.42,72
OT-00259,SIT-0007,,2026-08-04 16:04:42,2026-08-04 22:04:42,,Correctiva,P1,Creada,PRV-04,590,1252551.13,2
OT-00260,SIT-0014,,2026-08-04 16:25:11,2026-08-04 22:25:11,,Emergencia,P2,Asignada,PRV-05,637,3171083.87,8
OT-00261,SIT-0021,ALM-000781,2026-08-04 16:45:40,2026-08-04 22:45:40,,Preventiva,P2,En terreno,PRV-01,684,3506299.22,8
OT-00262,SIT-0028,ALM-000784,2026-08-04 17:06:09,2026-08-04 23:06:09,2026-08-06 15:06:09,Correctiva,P3,Completada,PRV-02,10,1581188.06,24
OT-00263,SIT-0035,ALM-000787,2026-08-04 17:26:38,2026-08-04 23:26:38,2026-08-05 02:26:38,Correctiva,P3,Completada,PRV-03,57,737059.82,24
OT-00264,SIT-0042,ALM-000790,2026-08-04 17:47:07,2026-08-04 23:47:07,,Emergencia,P4,Cancelada,PRV-04,104,185994.23,72
OT-00265,SIT-0049,ALM-000793,2026-08-04 18:07:36,2026-08-05 00:07:36,,Preventiva,P1,Creada,PRV-05,151,293111.99,2
OT-00266,SIT-0056,ALM-000796,2026-08-04 18:28:05,2026-08-05 00:28:05,,Correctiva,P2,Asignada,PRV-01,198,167860.42,8
OT-00267,SIT-0003,ALM-000799,2026-08-04 18:48:34,2026-08-05 00:48:34,,Correctiva,P2,En terreno,PRV-02,245,176653.27,8
OT-00268,SIT-0010,ALM-000802,2026-08-04 19:09:03,2026-08-05 01:09:03,2026-08-05 11:09:03,Emergencia,P3,Completada,PRV-03,292,178731.65,24
OT-00269,SIT-0017,ALM-000805,2026-08-04 19:29:32,2026-08-05 01:29:32,2026-08-05 22:29:32,Preventiva,P3,Completada,PRV-04,339,2714680.15,24
OT-00270,SIT-0024,ALM-000808,2026-08-04 19:50:01,2026-08-05 01:50:01,,Correctiva,P4,Cancelada,PRV-05,386,137099.53,72
OT-00271,SIT-0031,ALM-000811,2026-08-04 20:10:30,2026-08-05 02:10:30,,Correctiva,P1,Creada,PRV-01,433,208494.31,2
OT-00272,SIT-0038,ALM-000814,2026-08-04 20:30:59,2026-08-05 02:30:59,,Emergencia,P2,Asignada,PRV-02,480,496023.37,8
OT-00273,SIT-0045,ALM-000817,2026-08-04 20:51:28,2026-08-05 02:51:28,,Preventiva,P2,En terreno,PRV-03,527,909095.33,8
OT-00274,SIT-0052,,2026-08-04 21:11:57,2026-08-05 03:11:57,2026-08-06 07:11:57,Correctiva,P3,Completada,PRV-04,574,176857.48,24
OT-00275,SIT-0059,,2026-08-04 21:32:26,2026-08-05 03:32:26,2026-08-06 18:32:26,Correctiva,P3,Completada,PRV-05,621,1145339.49,24
OT-00276,SIT-0006,,2026-08-04 21:52:55,2026-08-05 03:52:55,,Emergencia,P4,Cancelada,PRV-01,668,509735.97,72
OT-00277,SIT-0013,,2026-08-04 22:13:24,2026-08-05 04:13:24,,Preventiva,P1,Creada,PRV-02,715,266383.94,2
OT-00278,SIT-0020,,2026-08-04 22:33:53,2026-08-05 04:33:53,,Correctiva,P2,Asignada,PRV-03,41,435058.83,8
OT-00279,SIT-0027,,2026-08-04 22:54:22,2026-08-05 04:54:22,,Correctiva,P2,En terreno,PRV-04,88,841012.15,8
OT-00280,SIT-0034,,2026-08-04 23:14:51,2026-08-05 05:14:51,2026-08-07 03:14:51,Emergencia,P3,Completada,PRV-05,135,860719.24,24
OT-00281,SIT-0041,ALM-000841,2026-08-04 23:35:20,2026-08-05 05:35:20,2026-08-05 14:35:20,Preventiva,P3,Completada,PRV-01,182,158123.73,24
OT-00282,SIT-0048,ALM-000844,2026-08-04 23:55:49,2026-08-05 05:55:49,,Correctiva,P4,Cancelada,PRV-02,229,192724.36,72
OT-00283,SIT-0055,ALM-000847,2026-08-05 00:16:18,2026-08-05 06:16:18,,Correctiva,P1,Creada,PRV-03,276,155302.91,2
OT-00284,SIT-0002,ALM-000850,2026-08-05 00:36:47,2026-08-05 06:36:47,,Emergencia,P2,Asignada,PRV-04,323,282353.99,8
OT-00285,SIT-0009,ALM-000853,2026-08-05 00:57:16,2026-08-05 06:57:16,,Preventiva,P2,En terreno,PRV-05,370,1073997.68,8
OT-00286,SIT-0016,ALM-000856,2026-08-05 01:17:45,2026-08-05 07:17:45,2026-08-05 23:17:45,Correctiva,P3,Completada,PRV-01,417,2805083.11,24
OT-00287,SIT-0023,ALM-000859,2026-08-05 01:38:14,2026-08-05 07:38:14,2026-08-06 10:38:14,Correctiva,P3,Completada,PRV-02,464,1563884.54,24
OT-00288,SIT-0030,ALM-000862,2026-08-05 01:58:43,2026-08-05 07:58:43,,Emergencia,P4,Cancelada,PRV-03,511,174169.57,72
OT-00289,SIT-0037,ALM-000865,2026-08-05 02:19:12,2026-08-05 08:19:12,,Preventiva,P1,Creada,PRV-04,558,240205.84,2
OT-00290,SIT-0044,ALM-000868,2026-08-05 02:39:41,2026-08-05 08:39:41,,Correctiva,P2,Asignada,PRV-05,605,274523.13,8
OT-00291,SIT-0051,ALM-000871,2026-08-05 03:00:10,2026-08-05 09:00:10,,Correctiva,P2,En terreno,PRV-01,652,194280.28,8
OT-00292,SIT-0058,ALM-000874,2026-08-05 03:20:39,2026-08-05 09:20:39,2026-08-06 19:20:39,Emergencia,P3,Completada,PRV-02,699,486500.11,24
OT-00293,SIT-0005,ALM-000877,2026-08-05 03:41:08,2026-08-05 09:41:08,2026-08-07 06:41:08,Preventiva,P3,Completada,PRV-03,25,3526283.51,24
OT-00294,SIT-0012,,2026-08-05 04:01:37,2026-08-05 10:01:37,,Correctiva,P4,Cancelada,PRV-04,72,385475.53,72
OT-00295,SIT-0019,,2026-08-05 04:22:06,2026-08-05 10:22:06,,Correctiva,P1,Creada,PRV-05,119,169070.62,2
OT-00296,SIT-0026,,2026-08-05 04:42:35,2026-08-05 10:42:35,,Emergencia,P2,Asignada,PRV-01,166,595048.78,8
OT-00297,SIT-0033,,2026-08-05 05:03:04,2026-08-05 11:03:04,,Preventiva,P2,En terreno,PRV-02,213,805075.15,8
OT-00298,SIT-0040,,2026-08-05 05:23:33,2026-08-05 11:23:33,2026-08-05 15:23:33,Correctiva,P3,Completada,PRV-03,260,1051940.63,24
OT-00299,SIT-0047,,2026-08-05 05:44:02,2026-08-05 11:44:02,2026-08-06 02:44:02,Correctiva,P3,Completada,PRV-04,307,261125.65,24
OT-00300,SIT-0054,,2026-08-05 06:04:31,2026-08-05 12:04:31,,Emergencia,P4,Cancelada,PRV-05,354,564626.04,72
OT-00301,SIT-0001,ALM-000901,2026-08-05 06:25:00,2026-08-05 12:25:00,,Preventiva,P1,Creada,PRV-01,401,698723.00,2
OT-00302,SIT-0008,ALM-000904,2026-08-05 06:45:29,2026-08-05 12:45:29,,Correctiva,P2,Asignada,PRV-02,448,401229.48,8
OT-00303,SIT-0015,ALM-000907,2026-08-05 07:05:58,2026-08-05 13:05:58,,Correctiva,P2,En terreno,PRV-03,495,311605.25,8
OT-00304,SIT-0022,ALM-000910,2026-08-05 07:26:27,2026-08-05 13:26:27,2026-08-06 11:26:27,Emergencia,P3,Completada,PRV-04,542,453173.24,24
OT-00305,SIT-0029,ALM-000913,2026-08-05 07:46:56,2026-08-05 13:46:56,2026-08-06 22:46:56,Preventiva,P3,Completada,PRV-05,589,407757.90,24
OT-00306,SIT-0036,ALM-000916,2026-08-05 08:07:25,2026-08-05 14:07:25,,Correctiva,P4,Cancelada,PRV-01,636,2077064.18,72
OT-00307,SIT-0043,ALM-000919,2026-08-05 08:27:54,2026-08-05 14:27:54,,Correctiva,P1,Creada,PRV-02,683,1385653.37,2
OT-00308,SIT-0050,ALM-000922,2026-08-05 08:48:23,2026-08-05 14:48:23,,Emergencia,P2,Asignada,PRV-03,9,3483218.92,8
OT-00309,SIT-0057,ALM-000925,2026-08-05 09:08:52,2026-08-05 15:08:52,,Preventiva,P2,En terreno,PRV-04,56,1123424.42,8
OT-00310,SIT-0004,ALM-000928,2026-08-05 09:29:21,2026-08-05 15:29:21,2026-08-07 07:29:21,Correctiva,P3,Completada,PRV-05,103,1546666.71,24
OT-00311,SIT-0011,ALM-000931,2026-08-05 09:49:50,2026-08-05 15:49:50,2026-08-05 18:49:50,Correctiva,P3,Completada,PRV-01,150,178919.13,24
OT-00312,SIT-0018,ALM-000934,2026-08-05 10:10:19,2026-08-05 16:10:19,,Emergencia,P4,Cancelada,PRV-02,197,1322956.10,72
OT-00313,SIT-0025,ALM-000937,2026-08-05 10:30:48,2026-08-05 16:30:48,,Preventiva,P1,Creada,PRV-03,244,474984.83,2
OT-00314,SIT-0032,,2026-08-05 10:51:17,2026-08-05 16:51:17,,Correctiva,P2,Asignada,PRV-04,291,538321.48,8
OT-00315,SIT-0039,,2026-08-05 11:11:46,2026-08-05 17:11:46,,Correctiva,P2,En terreno,PRV-05,338,348921.17,8
OT-00316,SIT-0046,,2026-08-05 11:32:15,2026-08-05 17:32:15,2026-08-06 03:32:15,Emergencia,P3,Completada,PRV-01,385,410675.62,24
OT-00317,SIT-0053,,2026-08-05 11:52:44,2026-08-05 17:52:44,2026-08-06 14:52:44,Preventiva,P3,Completada,PRV-02,432,887394.11,24
OT-00318,SIT-0060,,2026-08-05 12:13:13,2026-08-05 18:13:13,,Correctiva,P4,Cancelada,PRV-03,479,657150.32,72
OT-00319,SIT-0007,,2026-08-05 12:33:42,2026-08-05 18:33:42,,Correctiva,P1,Creada,PRV-04,526,197852.29,2
OT-00320,SIT-0014,,2026-08-05 12:54:11,2026-08-05 18:54:11,,Emergencia,P2,Asignada,PRV-05,573,1409632.51,8
OT-00321,SIT-0021,ALM-000961,2026-08-05 13:14:40,2026-08-05 19:14:40,,Preventiva,P2,En terreno,PRV-01,620,166433.11,8
OT-00322,SIT-0028,ALM-000964,2026-08-05 13:35:09,2026-08-05 19:35:09,2026-08-06 23:35:09,Correctiva,P3,Completada,PRV-02,667,1045221.95,24
OT-00323,SIT-0035,ALM-000967,2026-08-05 13:55:38,2026-08-05 19:55:38,2026-08-07 10:55:38,Correctiva,P3,Completada,PRV-03,714,1384430.83,24
OT-00324,SIT-0042,ALM-000970,2026-08-05 14:16:07,2026-08-05 20:16:07,,Emergencia,P4,Cancelada,PRV-04,40,142863.48,72
OT-00325,SIT-0049,ALM-000973,2026-08-05 14:36:36,2026-08-05 20:36:36,,Preventiva,P1,Creada,PRV-05,87,270052.75,2
OT-00326,SIT-0056,ALM-000976,2026-08-05 14:57:05,2026-08-05 20:57:05,,Correctiva,P2,Asignada,PRV-01,134,375872.29,8
OT-00327,SIT-0003,ALM-000979,2026-08-05 15:17:34,2026-08-05 21:17:34,,Correctiva,P2,En terreno,PRV-02,181,3329909.04,8
OT-00328,SIT-0010,ALM-000982,2026-08-05 15:38:03,2026-08-05 21:38:03,2026-08-07 19:38:03,Emergencia,P3,Completada,PRV-03,228,2534994.87,24
OT-00329,SIT-0017,ALM-000985,2026-08-05 15:58:32,2026-08-05 21:58:32,2026-08-06 06:58:32,Preventiva,P3,Completada,PRV-04,275,3151333.04,24
OT-00330,SIT-0024,ALM-000988,2026-08-05 16:19:01,2026-08-05 22:19:01,,Correctiva,P4,Cancelada,PRV-05,322,718526.41,72
OT-00331,SIT-0031,ALM-000991,2026-08-05 16:39:30,2026-08-05 22:39:30,,Correctiva,P1,Creada,PRV-01,369,1971940.30,2
OT-00332,SIT-0038,ALM-000994,2026-08-05 16:59:59,2026-08-05 22:59:59,,Emergencia,P2,Asignada,PRV-02,416,2843214.56,8
OT-00333,SIT-0045,ALM-000997,2026-08-05 17:20:28,2026-08-05 23:20:28,,Preventiva,P2,En terreno,PRV-03,463,394151.60,8
OT-00334,SIT-0052,,2026-08-05 17:40:57,2026-08-05 23:40:57,2026-08-06 15:40:57,Correctiva,P3,Completada,PRV-04,510,1766586.36,24
OT-00335,SIT-0059,,2026-08-05 18:01:26,2026-08-06 00:01:26,2026-08-07 03:01:26,Correctiva,P3,Completada,PRV-05,557,737903.19,24
OT-00336,SIT-0006,,2026-08-05 18:21:55,2026-08-06 00:21:55,,Emergencia,P4,Cancelada,PRV-01,604,552983.53,72
OT-00337,SIT-0013,,2026-08-05 18:42:24,2026-08-06 00:42:24,,Preventiva,P1,Creada,PRV-02,651,321895.02,2
OT-00338,SIT-0020,,2026-08-05 19:02:53,2026-08-06 01:02:53,,Correctiva,P2,Asignada,PRV-03,698,159647.23,8
OT-00339,SIT-0027,,2026-08-05 19:23:22,2026-08-06 01:23:22,,Correctiva,P2,En terreno,PRV-04,24,923057.59,8
OT-00340,SIT-0034,,2026-08-05 19:43:51,2026-08-06 01:43:51,2026-08-07 11:43:51,Emergencia,P3,Completada,PRV-05,71,1270050.52,24
OT-00341,SIT-0041,ALM-001021,2026-08-05 20:04:20,2026-08-06 02:04:20,2026-08-07 23:04:20,Preventiva,P3,Completada,PRV-01,118,2630401.98,24
OT-00342,SIT-0048,ALM-001024,2026-08-05 20:24:49,2026-08-06 02:24:49,,Correctiva,P4,Cancelada,PRV-02,165,182140.59,72
OT-00343,SIT-0055,ALM-001027,2026-08-05 20:45:18,2026-08-06 02:45:18,,Correctiva,P1,Creada,PRV-03,212,411005.89,2
OT-00344,SIT-0002,ALM-001030,2026-08-05 21:05:47,2026-08-06 03:05:47,,Emergencia,P2,Asignada,PRV-04,259,995013.38,8
OT-00345,SIT-0009,ALM-001033,2026-08-05 21:26:16,2026-08-06 03:26:16,,Preventiva,P2,En terreno,PRV-05,306,435574.74,8
OT-00346,SIT-0016,ALM-001036,2026-08-05 21:46:45,2026-08-06 03:46:45,2026-08-06 07:46:45,Correctiva,P3,Completada,PRV-01,353,434341.08,24
OT-00347,SIT-0023,ALM-001039,2026-08-05 22:07:14,2026-08-06 04:07:14,2026-08-06 19:07:14,Correctiva,P3,Completada,PRV-02,400,763523.97,24
OT-00348,SIT-0030,ALM-001042,2026-08-05 22:27:43,2026-08-06 04:27:43,,Emergencia,P4,Cancelada,PRV-03,447,1728241.29,72
OT-00349,SIT-0037,ALM-001045,2026-08-05 22:48:12,2026-08-06 04:48:12,,Preventiva,P1,Creada,PRV-04,494,184501.14,2
OT-00350,SIT-0044,ALM-001048,2026-08-05 23:08:41,2026-08-06 05:08:41,,Correctiva,P2,Asignada,PRV-05,541,289646.04,8
OT-00351,SIT-0051,ALM-001051,2026-08-05 23:29:10,2026-08-06 05:29:10,,Correctiva,P2,En terreno,PRV-01,588,391138.65,8
OT-00352,SIT-0058,ALM-001054,2026-08-05 23:49:39,2026-08-06 05:49:39,2026-08-07 03:49:39,Emergencia,P3,Completada,PRV-02,635,1157400.91,24
OT-00353,SIT-0005,ALM-001057,2026-08-06 00:10:08,2026-08-06 06:10:08,2026-08-07 15:10:08,Preventiva,P3,Completada,PRV-03,682,259562.63,24
OT-00354,SIT-0012,,2026-08-06 00:30:37,2026-08-06 06:30:37,,Correctiva,P4,Cancelada,PRV-04,8,286404.50,72
OT-00355,SIT-0019,,2026-08-06 00:51:06,2026-08-06 06:51:06,,Correctiva,P1,Creada,PRV-05,55,422974.40,2
OT-00356,SIT-0026,,2026-08-06 01:11:35,2026-08-06 07:11:35,,Emergencia,P2,Asignada,PRV-01,102,433959.34,8
OT-00357,SIT-0033,,2026-08-06 01:32:04,2026-08-06 07:32:04,,Preventiva,P2,En terreno,PRV-02,149,158458.41,8
OT-00358,SIT-0040,,2026-08-06 01:52:33,2026-08-06 07:52:33,2026-08-07 23:52:33,Correctiva,P3,Completada,PRV-03,196,169852.48,24
OT-00359,SIT-0047,,2026-08-06 02:13:02,2026-08-06 08:13:02,2026-08-06 11:13:02,Correctiva,P3,Completada,PRV-04,243,1476951.35,24
OT-00360,SIT-0054,,2026-08-06 02:33:31,2026-08-06 08:33:31,,Emergencia,P4,Cancelada,PRV-05,290,602240.96,72
OT-00361,SIT-0001,ALM-001081,2026-08-06 02:54:00,2026-08-06 08:54:00,,Preventiva,P1,Creada,PRV-01,337,202826.44,2
OT-00362,SIT-0008,ALM-001084,2026-08-06 03:14:29,2026-08-06 09:14:29,,Correctiva,P2,Asignada,PRV-02,384,349403.28,8
OT-00363,SIT-0015,ALM-001087,2026-08-06 03:34:58,2026-08-06 09:34:58,,Correctiva,PX,En terreno,PRV-03,431,2832285.28,8
OT-00364,SIT-0022,ALM-001090,2026-08-06 03:55:27,2026-08-06 09:55:27,2026-08-06 19:55:27,Emergencia,P3,Completada,PRV-04,478,137548.19,24
OT-00365,SIT-0029,ALM-001093,2026-08-06 04:15:56,2026-08-06 10:15:56,2026-08-07 07:15:56,Preventiva,P3,Completada,PRV-05,525,1474509.39,24
OT-00366,SIT-0036,ALM-001096,2026-08-06 04:36:25,2026-08-06 10:36:25,,Correctiva,P4,Cancelada,PRV-01,572,2543685.37,72
OT-00367,SIT-0043,ALM-001099,2026-08-06 04:56:54,2026-08-06 10:56:54,,Correctiva,P1,Creada,PRV-02,619,444317.70,2
OT-00368,SIT-0050,ALM-001102,2026-08-06 05:17:23,2026-08-06 11:17:23,,Emergencia,P2,Asignada,PRV-03,666,262229.30,8
OT-00369,SIT-0057,ALM-001105,2026-08-06 05:37:52,2026-08-06 11:37:52,,Preventiva,P2,En terreno,PRV-04,713,374552.82,8
OT-00370,SIT-0004,ALM-001108,2026-08-06 05:58:21,2026-08-06 11:58:21,2026-08-07 15:58:21,Correctiva,P3,Completada,PRV-05,39,153215.79,24
OT-00371,SIT-0011,ALM-001111,2026-08-06 06:18:50,2026-08-06 12:18:50,2026-08-08 03:18:50,Correctiva,P3,Completada,PRV-01,86,942234.68,24
OT-00372,SIT-0018,ALM-001114,2026-08-06 06:39:19,2026-08-06 12:39:19,,Emergencia,P4,Cancelada,PRV-02,133,178926.34,72
OT-00373,SIT-0025,ALM-001117,2026-08-06 06:59:48,2026-08-06 12:59:48,,Preventiva,P1,Creada,PRV-03,180,3202064.95,2
OT-00374,SIT-0032,,2026-08-06 07:20:17,2026-08-06 13:20:17,,Correctiva,P2,Asignada,PRV-04,227,2773101.49,8
OT-00375,SIT-0039,,2026-08-06 07:40:46,2026-08-06 13:40:46,,Correctiva,P2,En terreno,PRV-05,274,460122.92,8
OT-00376,SIT-0046,,2026-08-06 08:01:15,2026-08-06 14:01:15,2026-08-08 12:01:15,Emergencia,P3,Completada,PRV-01,321,298015.10,24
OT-00377,SIT-0053,,2026-08-06 08:21:44,2026-08-06 14:21:44,2026-08-06 23:21:44,Preventiva,P3,Completada,PRV-02,368,150859.43,24
OT-00378,SIT-0060,,2026-08-06 08:42:13,2026-08-06 14:42:13,,Correctiva,P4,Cancelada,PRV-03,415,354382.88,72
OT-00379,SIT-0007,,2026-08-06 09:02:42,2026-08-06 15:02:42,,Correctiva,P1,Creada,PRV-04,462,221248.87,2
OT-00380,SIT-0014,,2026-08-06 09:23:11,2026-08-06 15:23:11,,Emergencia,P2,Asignada,PRV-05,509,1071154.89,8
OT-00381,SIT-0021,ALM-001141,2026-08-06 09:43:40,2026-08-06 15:43:40,,Preventiva,P2,En terreno,PRV-01,556,644897.40,8
OT-00382,SIT-0028,ALM-001144,2026-08-06 10:04:09,2026-08-06 16:04:09,2026-08-07 08:04:09,Correctiva,P3,Completada,PRV-02,603,881017.61,24
OT-00383,SIT-0035,ALM-001147,2026-08-06 10:24:38,2026-08-06 16:24:38,2026-08-07 19:24:38,Correctiva,P3,Completada,PRV-03,650,-25000.00,24
OT-00384,SIT-0042,ALM-001150,2026-08-06 10:45:07,2026-08-06 16:45:07,,Emergencia,P4,Cancelada,PRV-04,697,3502833.50,72
OT-00385,SIT-0049,ALM-001153,2026-08-06 11:05:36,2026-08-06 17:05:36,,Preventiva,P1,Creada,PRV-05,23,1314445.30,2
OT-00386,SIT-0056,ALM-001156,2026-08-06 11:26:05,2026-08-06 17:26:05,,Correctiva,P2,Asignada,PRV-01,70,637189.37,8
OT-00387,SIT-0003,ALM-001159,2026-08-06 11:46:34,2026-08-06 17:46:34,2026-08-06 10:46:34,Correctiva,P2,En terreno,PRV-02,117,2097577.77,8
OT-00388,SIT-0010,ALM-001162,2026-08-06 12:07:03,2026-08-06 18:07:03,2026-08-08 04:07:03,Emergencia,P3,Completada,PRV-03,164,154621.46,24
OT-00389,SIT-0017,ALM-001165,2026-08-06 12:27:32,2026-08-06 18:27:32,2026-08-08 15:27:32,Preventiva,P3,Completada,PRV-04,211,140979.44,24
OT-00390,SIT-0024,ALM-001168,2026-08-06 12:48:01,2026-08-06 18:48:01,,Correctiva,P4,Cancelada,PRV-05,258,186591.33,72
OT-00391,SIT-0031,ALM-001171,2026-08-06 13:08:30,2026-08-06 19:08:30,,Correctiva,P1,Creada,PRV-01,305,1797000.22,2
OT-00392,SIT-0038,ALM-001174,2026-08-06 13:28:59,2026-08-06 19:28:59,,Emergencia,P2,Asignada,PRV-02,352,3540102.52,8
OT-00393,SIT-0045,ALM-001177,2026-08-06 13:49:28,2026-08-06 19:49:28,,Preventiva,P2,En terreno,PRV-03,399,145593.63,8
OT-00394,SIT-0052,,2026-08-06 14:09:57,2026-08-06 20:09:57,2026-08-07 00:09:57,Correctiva,P3,Completada,PRV-04,446,1484495.86,24
OT-00395,SIT-9999,,2026-08-06 14:30:26,2026-08-06 20:30:26,2026-08-07 11:30:26,Correctiva,P3,Completada,PRV-05,493,295671.47,24
OT-00396,SIT-0006,,2026-08-06 14:50:55,2026-08-06 20:50:55,,Emergencia,P4,Cancelada,PRV-01,540,225859.07,72
OT-00397,SIT-0013,,2026-08-06 15:11:24,2026-08-06 21:11:24,,Preventiva,P1,Creada,PRV-02,587,2300128.13,2
OT-00398,SIT-0020,,2026-08-06 15:31:53,2026-08-06 21:31:53,,Correctiva,P2,Asignada,PRV-03,634,192870.56,8
OT-00399,SIT-0027,,2026-08-06 15:52:22,2026-08-06 21:52:22,,Correctiva,P2,En terreno,PRV-04,681,286915.69,8
OT-00400,SIT-0034,,2026-08-06 16:12:51,2026-08-06 22:12:51,2026-08-07 20:12:51,Emergencia,P3,Completada,PRV-05,7,564055.98,24
